date,description
20151001,guoqing
20151002,guoqing
20151003,guoqing
20151004,guoqing
20151005,guoqing
20151006,guoqing
20151007,guoqing
20151010,workingday
20160101,yuandan
20160102,yuandan
20160103,yuandan
20160206,workingday
20160207,chunjie
20160208,chunjie
20160209,chunjie
20160210,chunjie
20160211,chunjie
20160212,chunjie
20160213,chunjie
20160214,workingday
20160402,qingming
20160403,qingming
20160404,qingming
20160430,laodong
20160501,laodong
20160502,laodong
20160609,duanwu
20160610,duanwu
20160611,duanwu
20160612,workingday
20160915,zhongqiu
20160916,zhongqiu
20160917,zhongqiu
20160918,workingday
20161001,guoqing
20161002,guoqing
20161003,guoqing
20161004,guoqing
20161005,guoqing
20161006,guoqing
20161007,guoqing
20161008,workingday
20161009,workingday
20161231,yuandan
20170101,yuandan
20170102,yuandan
20170122,workingday
20170127,chunjie
20170128,chunjie
20170129,chunjie
20170130,chunjie
20170131,chunjie
20170201,chunjie
20170202,chunjie
20170204,workingday
20170401,workingday
20170402,qingming
20170403,qingming
20170404,qingming
20170429,laodong
20170430,laodong
20170501,laodong
20170527,workingday
20170528,duanwu
20170529,duanwu
20170530,duanwu
20170930,workingday
20171001,guoqing
20171002,guoqing
20171003,guoqing
20171004,zhongqiu
20171005,guoqing
20171006,guoqing
20171007,guoqing
20171008,guoqing
20171230,yuandan
20171231,yuandan
20180101,yuandan
20180211,workingday
20180215,chunjie
20180216,chunjie
20180217,chunjie
20180218,chunjie
20180219,chunjie
20180220,chunjie
20180221,chunjie
20180224,workingday
20180405,qingming
20180406,qingming
20180407,qingming
20180408,workingday
20180428,workingday
20180429,laodong
20180430,laodong
20180501,laodong
20180616,duanwu
20180617,duanwu
20180618,duanwu
20180922,zhongqiu
20180923,zhongqiu
20180924,zhongqiu
20180929,workingday
20180930,workingday
20181001,guoqing
20181002,guoqing
20181003,guoqing
20181004,guoqing
20181005,guoqing
20181006,guoqing
20181007,guoqing
20181229,workingday
20181230,yuandan
20181231,yuandan
20190101,yuandan
20190202,workingday
20190203,workingday
20190204,chunjie
20190205,chunjie
20190206,chunjie
20190207,chunjie
20190208,chunjie
20190209,chunjie
20190210,chunjie
20190405,qingming
20190406,qingming
20190407,qingming
20190428,workingday
20190501,laodong
20190502,laodong
20190503,laodong
20190504,laodong
20190505,workingday
20190607,duanwu
20190608,duanwu
20190609,duanwu
20190913,zhongqiu
20190914,zhongqiu
20190915,zhongqiu
20190929,workingday
20191001,guoqing
20191002,guoqing
20191003,guoqing
20191004,guoqing
20191005,guoqing
20191006,guoqing
20191007,guoqing